Loading_level,Carbon,Locality,n,mean,sd,se_pooled,ci95_low_pointwise,ci95_high_pointwise
15,Disordered,IN,2,27.55,4.030508653,2.632114565,21.81511502,33.28488498
15,Disordered,OUT,2,31.45,3.464823228,2.632114565,25.71511502,37.18488498
15,Graphitized,IN,2,31.25,2.192031022,2.632114565,25.51511502,36.98488498
15,Graphitized,OUT,2,39.89,5.741707063,2.632114565,34.15511502,45.62488498
15,FCX-B,IN,2,33.7,5.374011537,2.632114565,27.96511502,39.43488498
15,FCX-B,OUT,2,40.3,1.13137085,2.632114565,34.56511502,46.03488498
40,Disordered,IN,2,55.7,5.091168825,2.632114565,49.96511502,61.43488498
40,Disordered,OUT,2,78.15,0.9192388155,2.632114565,72.41511502,83.88488498
40,Graphitized,IN,2,59.85,4.737615434,2.632114565,54.11511502,65.58488498
40,Graphitized,OUT,2,64.2,3.676955262,2.632114565,58.46511502,69.93488498
40,FCX-B,IN,2,55.235,0.374766594,2.632114565,49.50011502,60.96988498
40,FCX-B,OUT,2,72.6,2.687005769,2.632114565,66.86511502,78.33488498
