Sample,Replicate,SA,SA_ratio_audit,SA_audit_difference
Pt_OUT-15/FCX-Disordered,1,33.9,33.86861314,0.03138686131
Pt_OUT-15/FCX-Disordered,2,29,29.05844156,-0.05844155844
Pt_IN-15/FCX-Disordered,1,24.7,24.72222222,-0.02222222222
Pt_IN-15/FCX-Disordered,2,30.4,30.21766965,0.1823303457
Pt_OUT-40/FCX-Disordered,1,78.8,78.81219904,-0.01219903692
Pt_OUT-40/FCX-Disordered,2,77.5,77.54800591,-0.04800590842
Pt_IN-40/FCX-Disordered,1,52.1,52.00486027,0.09513973269
Pt_IN-40/FCX-Disordered,2,59.3,59.31464174,-0.01464174455
Pt_OUT-15/FCX-Graphitized,1,43.95,43.95182872,-0.001828724353
Pt_OUT-15/FCX-Graphitized,2,35.83,35.81103962,0.01896037928
Pt_IN-15/FCX-Graphitized,1,29.7,29.71274686,-0.01274685817
Pt_IN-15/FCX-Graphitized,2,32.8,32.84132841,-0.04132841328
Pt_OUT-40/FCX-Graphitized,1,66.8,66.82867558,-0.02867557716
Pt_OUT-40/FCX-Graphitized,2,61.6,61.5727003,0.02729970326
Pt_IN-40/FCX-Graphitized,1,63.2,63.1840796,0.01592039801
Pt_IN-40/FCX-Graphitized,2,56.5,56.49779736,0.002202643172
Pt_OUT-15/FCX-B,1,41.1,41.08384622,0.01615378467
Pt_OUT-15/FCX-B,2,39.5,39.55007257,-0.05007256894
Pt_IN-15/FCX-B,1,37.5,37.52244165,-0.02244165171
Pt_IN-15/FCX-B,2,29.9,29.92227979,-0.02227979275
Pt_OUT-40/FCX-B,1,70.7,70.66326531,0.03673469388
Pt_OUT-40/FCX-B,2,74.5,74.59893048,-0.09893048128
Pt_IN-40/FCX-B,1,55.5,55.17909003,0.320909971
Pt_IN-40/FCX-B,2,54.97,54.53597497,0.4340250261
