Sample,Loading,Locality,Replicate,ECSA_CO,ECSA_TEM,MA,SA
Pt_OUT-15/FCX-Disordered,14.6,OUT,1,68.5,131.9,23.2,33.9
Pt_OUT-15/FCX-Disordered,14.6,OUT,2,61.6,131.9,17.9,29
Pt_IN-15/FCX-Disordered,16.08,IN,1,72,131.9,17.8,24.7
Pt_IN-15/FCX-Disordered,16.08,IN,2,78.1,131.9,23.6,30.4
Pt_OUT-40/FCX-Disordered,45.01,OUT,1,62.3,124.2,49.1,78.8
Pt_OUT-40/FCX-Disordered,45.01,OUT,2,67.7,124.2,52.5,77.5
Pt_IN-40/FCX-Disordered,42.05,IN,1,82.3,116.7,42.8,52.1
Pt_IN-40/FCX-Disordered,42.05,IN,2,80.25,116.7,47.6,59.3
Pt_OUT-15/FCX-Graphitized,12.2,OUT,1,112.1,137.99,49.27,43.95
Pt_OUT-15/FCX-Graphitized,12.2,OUT,2,118.12,137.99,42.3,35.83
Pt_IN-15/FCX-Graphitized,16.08,IN,1,111.4,129.8,33.1,29.7
Pt_IN-15/FCX-Graphitized,16.08,IN,2,108.4,129.8,35.6,32.8
Pt_OUT-40/FCX-Graphitized,41.2,OUT,1,74.07,122,49.5,66.8
Pt_OUT-40/FCX-Graphitized,41.2,OUT,2,67.4,122,41.5,61.6
Pt_IN-40/FCX-Graphitized,38.4,IN,1,100.5,115.9,63.5,63.2
Pt_IN-40/FCX-Graphitized,38.4,IN,2,90.8,115.9,51.3,56.5
Pt_OUT-15/FCX-B,12.3,OUT,1,125.11,128.8,51.4,41.1
Pt_OUT-15/FCX-B,12.3,OUT,2,137.8,128.8,54.5,39.5
Pt_IN-15/FCX-B,18.8,IN,1,111.4,129.6,41.8,37.5
Pt_IN-15/FCX-B,18.8,IN,2,154.4,129.6,46.2,29.9
Pt_OUT-40/FCX-B,39.9,OUT,1,78.4,132.8,55.4,70.7
Pt_OUT-40/FCX-B,39.9,OUT,2,74.8,132.8,55.8,74.5
Pt_IN-40/FCX-B,42.6,IN,1,103.3,124.1,57,55.5
Pt_IN-40/FCX-B,42.6,IN,2,95.9,124.1,52.3,54.97
